fecha,temp_media_c,temp_max_c,temp_min_c,precipitacion_mm,radiacion_solar_mj_m2,humedad_relativa_pct,evapotranspiracion_mm,precipitacion_chirps_mm
2024-01-01,13.29,20.49,7.27,0.0,19.5,54.32,0.33,0.0
2024-01-02,12.98,19.93,8.22,0.0,17.46,56.86,0.31,0.0
2024-01-03,13.56,22.93,8.15,0.0,19.15,56.07,0.45,2.31
2024-01-04,12.08,20.78,4.84,0.0,18.09,72.06,0.39,0.0
2024-01-05,11.85,20.43,5.58,0.0,16.75,72.63,0.37,0.0
2024-01-06,12.86,22.22,4.4,0.0,19.39,59.39,0.37,0.0
2024-01-07,12.46,19.47,8.43,0.06,6.53,64.4,0.23,3.75
2024-01-08,13.7,22.17,6.69,0.0,16.14,69.85,0.39,0.0
2024-01-09,12.61,20.62,6.85,0.0,13.89,62.36,0.24,0.0
2024-01-10,12.57,21.92,5.3,0.0,18.71,66.6,0.33,0.0
2024-01-11,13.85,23.52,6.61,0.0,18.82,64.88,0.36,0.0
2024-01-12,15.75,25.85,8.25,0.0,18.56,50.46,0.4,0.0
2024-01-13,15.2,24.22,7.78,0.0,18.22,45.79,0.35,0.0
2024-01-14,15.04,21.94,9.49,0.0,13.33,46.68,0.24,0.0
2024-01-15,15.77,25.55,6.59,0.0,20.35,39.34,0.37,0.0
2024-01-16,16.78,26.1,9.38,0.0,20.12,31.77,0.39,0.0
2024-01-17,16.19,22.7,10.75,0.0,17.86,41.41,0.2,0.0
2024-01-18,15.12,22.01,10.47,0.0,16.34,43.0,0.21,0.0
2024-01-19,15.91,24.14,9.91,0.01,12.45,38.73,0.25,0.0
2024-01-20,13.46,18.99,9.04,0.09,10.04,61.22,0.19,0.0
2024-01-21,14.87,20.83,10.81,0.41,16.33,58.77,0.14,0.0
2024-01-22,14.92,21.5,9.38,0.38,14.54,64.93,0.22,0.0
2024-01-23,15.46,23.79,9.47,0.0,19.45,60.17,0.26,0.0
2024-01-24,15.4,23.71,8.62,0.0,20.82,60.81,0.26,0.0
2024-01-25,15.55,24.54,8.44,0.04,20.94,49.12,0.27,0.0
2024-01-26,15.46,24.9,7.6,0.02,21.4,51.5,0.25,0.0
2024-01-27,16.06,25.33,9.29,0.0,21.57,45.37,0.3,0.0
2024-01-28,13.89,23.85,7.89,0.0,16.38,59.21,0.24,0.0
2024-01-29,12.03,19.5,6.85,0.0,12.51,53.06,0.16,0.0
2024-01-30,13.61,20.42,8.88,0.0,9.05,44.73,0.11,0.0
2024-01-31,14.8,20.58,10.76,0.08,15.51,47.83,0.12,0.0
2024-02-01,14.66,21.37,10.11,0.02,11.26,61.47,0.15,0.0
2024-02-02,14.82,23.9,7.96,0.0,20.28,66.56,0.22,0.0
2024-02-03,13.74,22.62,8.22,0.01,22.1,62.05,0.2,0.0
2024-02-04,12.69,22.95,4.45,0.0,23.48,45.09,0.2,0.0
2024-02-05,12.26,23.24,4.14,0.0,23.39,30.44,0.21,0.0
2024-02-06,14.63,27.45,4.03,0.0,22.97,29.33,0.29,0.0
2024-02-07,16.13,27.04,7.89,0.0,21.95,52.18,0.2,0.0
2024-02-08,16.64,27.23,8.56,0.0,22.61,59.47,0.19,0.0
2024-02-09,16.95,27.68,9.22,0.0,23.24,43.97,0.2,0.0
2024-02-10,15.15,26.53,6.35,0.0,23.31,51.58,0.18,0.0
2024-02-11,15.6,25.57,8.04,0.0,22.09,47.57,0.17,0.0
2024-02-12,16.07,25.5,8.07,0.0,17.28,45.63,0.16,0.0
2024-02-13,15.59,24.19,8.06,0.0,17.17,44.05,0.14,0.0
2024-02-14,14.97,22.49,8.35,0.0,12.85,56.94,0.14,4.19
2024-02-15,15.51,22.86,9.8,0.0,14.91,58.6,0.11,8.37
2024-02-16,13.01,19.83,9.01,10.87,13.17,73.68,0.11,0.0
2024-02-17,11.66,18.75,7.15,5.54,12.54,69.06,0.12,0.0
2024-02-18,11.46,21.31,3.49,0.04,24.32,55.5,0.22,0.0
2024-02-19,14.51,25.83,5.48,0.0,24.63,33.76,0.26,0.0
2024-02-20,15.62,27.98,5.38,0.0,24.81,32.85,0.29,0.0
2024-02-21,16.78,28.26,5.39,0.0,25.0,27.31,0.28,0.0
2024-02-22,17.88,28.38,7.86,0.0,24.83,32.78,0.23,0.0
2024-02-23,18.16,28.33,9.33,0.0,24.95,26.54,0.26,0.0
2024-02-24,17.26,28.55,7.07,0.0,23.51,49.06,0.22,0.0
2024-02-25,18.89,29.56,10.86,0.0,23.91,37.48,0.24,0.0
2024-02-26,19.03,30.25,9.54,0.0,24.86,30.26,0.24,0.0
2024-02-27,19.18,29.14,11.44,0.0,24.25,39.78,0.21,0.0
2024-02-28,19.2,29.54,9.75,0.0,24.73,41.05,0.19,0.0
2024-02-29,17.77,26.86,9.26,0.0,24.14,47.39,0.18,0.0
2024-03-01,18.33,27.8,11.42,0.0,24.97,39.94,0.17,0.0
2024-03-02,17.99,27.47,11.19,0.0,25.22,41.29,0.16,0.0
2024-03-03,17.43,27.65,10.05,0.0,25.59,42.18,0.16,0.0
2024-03-04,17.09,27.72,9.14,0.0,25.56,43.52,0.15,0.0
2024-03-05,17.72,27.09,8.64,0.0,26.45,30.25,0.13,0.0
2024-03-06,17.9,28.62,9.61,0.0,26.1,35.82,0.14,0.0
2024-03-07,18.06,30.06,9.31,0.0,26.75,43.4,0.14,0.0
2024-03-08,18.1,30.07,8.43,0.0,27.04,40.36,0.13,0.0
2024-03-09,19.56,31.06,9.63,0.0,26.86,26.77,0.13,0.0
2024-03-10,18.03,28.58,8.22,0.0,25.46,43.55,0.12,0.0
2024-03-11,18.82,29.03,10.02,0.01,25.55,46.37,0.11,0.0
2024-03-12,18.87,28.63,11.23,0.0,25.51,38.54,0.1,0.0
2024-03-13,18.98,28.27,11.87,0.0,25.79,34.21,0.12,0.0
2024-03-14,18.97,28.73,11.02,0.0,26.2,34.98,0.1,0.0
2024-03-15,19.3,28.26,11.44,0.0,24.64,34.58,0.07,0.0
2024-03-16,20.17,30.24,11.02,0.0,26.39,33.32,0.1,0.0
2024-03-17,19.26,27.11,12.86,0.0,22.83,34.57,0.06,1.36
2024-03-18,20.91,30.61,12.85,0.0,25.74,31.14,0.09,0.0
2024-03-19,20.74,30.1,11.53,0.0,25.45,47.93,0.1,0.0
2024-03-20,21.06,29.58,14.51,0.0,23.55,33.59,0.09,0.0
2024-03-21,19.98,29.79,11.98,0.0,26.94,36.28,0.09,0.0
2024-03-22,19.66,29.62,11.62,0.0,27.83,29.93,0.07,0.0
2024-03-23,19.32,30.04,9.45,0.0,27.68,26.91,0.07,0.0
2024-03-24,17.66,29.48,7.71,0.0,29.15,33.89,0.07,0.0
2024-03-25,16.31,27.95,6.61,0.0,23.46,25.19,0.06,0.0
2024-03-26,17.11,29.0,6.39,0.0,28.87,21.66,0.05,0.0
2024-03-27,18.57,30.19,8.37,0.0,29.67,22.14,0.05,0.0
2024-03-28,17.62,29.31,6.79,0.0,27.29,46.13,0.05,0.0
2024-03-29,18.08,29.33,7.96,0.0,27.81,36.43,0.05,0.0
2024-03-30,19.13,29.64,9.78,0.0,28.62,25.94,0.04,0.0
2024-03-31,19.9,29.89,11.62,0.0,26.27,32.99,0.05,0.0
2024-04-01,19.31,28.7,11.34,0.0,27.04,42.12,0.05,0.0
2024-04-02,19.74,29.95,10.06,0.0,26.69,48.34,0.04,0.0
2024-04-03,20.31,29.53,12.72,0.0,28.14,40.33,0.05,0.0
2024-04-04,17.77,27.45,8.62,0.0,27.94,37.16,0.04,0.0
2024-04-05,18.25,28.02,9.07,0.0,28.64,34.86,0.03,0.0
2024-04-06,18.75,29.32,8.89,0.0,28.78,34.98,0.04,0.0
2024-04-07,20.0,30.07,11.23,0.0,28.56,32.48,0.03,0.0
2024-04-08,19.75,29.76,12.04,0.0,28.76,30.15,0.03,0.0
2024-04-09,19.02,28.23,9.95,0.0,28.53,36.37,0.04,0.0
2024-04-10,19.18,29.22,9.54,0.0,28.45,45.54,0.03,0.0
2024-04-11,19.28,29.42,9.91,0.0,27.27,39.91,0.04,0.0
2024-04-12,20.24,30.71,10.49,0.16,25.97,42.77,0.04,1.37
2024-04-13,22.05,32.93,13.07,0.0,27.34,38.31,0.03,0.0
2024-04-14,22.42,32.77,13.7,0.0,27.01,38.0,0.03,0.0
2024-04-15,22.33,30.85,14.37,0.09,23.28,42.46,0.03,0.0
2024-04-16,22.97,32.59,14.68,0.16,26.84,41.43,0.03,0.0
2024-04-17,24.07,33.68,15.77,0.24,27.39,36.51,0.03,0.0
2024-04-18,23.34,32.54,15.93,0.11,26.93,30.33,0.02,0.0
2024-04-19,23.16,32.69,14.82,0.34,26.53,30.82,0.03,0.0
2024-04-20,22.55,32.3,13.96,0.07,27.46,31.46,0.03,0.0
2024-04-21,22.67,32.22,14.17,0.12,27.06,32.31,0.02,0.0
2024-04-22,21.64,29.55,13.87,0.52,25.44,44.13,0.02,0.0
2024-04-23,22.25,31.37,13.44,0.08,24.08,30.19,0.02,0.0
2024-04-24,22.81,32.32,13.92,0.03,25.96,28.48,0.02,0.0
2024-04-25,22.36,31.93,13.68,0.08,25.27,32.78,0.03,0.0
2024-04-26,21.02,30.46,12.7,0.0,20.15,38.21,0.02,2.29
2024-04-27,21.8,31.17,13.71,0.0,28.64,32.83,0.02,0.0
2024-04-28,20.84,30.71,11.72,0.0,29.56,35.15,0.02,0.0
2024-04-29,20.44,30.0,12.2,0.0,28.74,36.43,0.02,0.0
2024-04-30,21.63,31.88,12.44,0.0,28.88,31.29,0.01,0.0
2024-05-01,21.1,30.49,13.36,0.0,28.56,34.84,0.02,0.0
2024-05-02,21.88,32.01,12.47,0.0,26.8,32.33,0.01,0.0
2024-05-03,23.08,33.27,14.37,0.0,28.83,29.48,0.01,0.0
2024-05-04,23.41,34.07,13.61,0.04,27.46,32.82,0.02,0.0
2024-05-05,23.83,33.69,14.68,0.07,27.24,32.99,0.01,0.0
2024-05-06,23.21,32.89,14.23,0.0,26.74,27.52,0.01,0.0
2024-05-07,24.04,33.98,14.81,0.04,27.18,20.91,0.01,0.0
2024-05-08,24.45,33.92,16.86,0.0,27.48,16.98,0.01,0.0
2024-05-09,25.84,35.8,15.83,0.01,26.43,21.33,0.01,0.0
2024-05-10,26.08,35.45,17.45,0.0,22.36,29.03,0.01,0.0
2024-05-11,24.99,34.73,16.46,0.67,24.75,30.33,0.01,0.0
2024-05-12,23.21,33.57,14.13,0.04,27.06,23.92,0.01,0.0
2024-05-13,22.82,32.79,14.74,0.0,24.89,27.75,0.01,0.0
2024-05-14,22.6,33.01,12.63,0.0,27.31,35.17,0.01,0.0
2024-05-15,22.54,32.75,13.51,0.0,28.92,27.67,0.01,0.0
2024-05-16,22.59,33.64,12.03,0.01,29.93,33.71,0.01,0.0
2024-05-17,23.34,34.32,12.54,0.01,28.8,39.31,0.01,0.0
2024-05-18,23.99,34.24,12.8,0.2,28.43,40.45,0.01,0.0
2024-05-19,25.04,34.56,16.0,0.12,26.56,40.96,0.01,1.46
2024-05-20,25.54,34.92,17.67,0.0,24.9,35.39,0.01,0.04
2024-05-21,25.54,36.1,16.42,0.0,28.02,37.82,0.01,0.0
2024-05-22,24.99,34.36,16.6,0.55,25.44,46.85,0.01,0.0
2024-05-23,25.14,35.2,15.93,0.62,27.17,45.08,0.01,0.0
2024-05-24,25.7,35.65,16.44,0.36,27.66,32.43,0.01,0.0
2024-05-25,26.08,35.41,18.36,0.74,27.05,32.22,0.01,0.0
2024-05-26,25.14,35.41,16.71,0.79,26.78,35.2,0.01,0.0
2024-05-27,25.47,35.31,16.33,0.04,27.72,28.2,0.01,0.0
2024-05-28,24.47,33.21,15.62,3.24,21.17,33.5,0.0,5.47
2024-05-29,23.43,31.9,16.82,2.97,19.3,41.46,0.01,5.47
2024-05-30,24.18,33.52,15.51,0.19,27.3,41.76,0.01,0.0
2024-05-31,25.06,34.35,16.05,0.08,27.02,41.21,0.01,0.0
2024-06-01,24.89,34.39,15.8,0.07,25.45,35.92,0.01,0.0
2024-06-02,23.23,31.95,15.65,0.89,24.8,44.77,0.01,0.0
2024-06-03,24.37,33.93,16.71,0.08,25.86,44.18,0.01,0.0
2024-06-04,24.5,34.09,16.12,0.19,26.51,39.01,0.01,0.0
2024-06-05,24.82,35.15,14.85,0.09,28.46,29.91,0.01,0.0
2024-06-06,25.07,34.81,16.13,0.35,25.47,32.99,0.01,0.0
2024-06-07,23.52,32.86,15.83,1.22,24.54,37.87,0.01,0.0
2024-06-08,22.34,31.33,15.43,2.63,20.09,46.5,0.01,0.0
2024-06-09,21.27,28.23,16.19,3.07,21.37,58.15,0.01,0.0
2024-06-10,21.36,27.68,14.85,0.71,22.7,57.56,0.01,0.0
2024-06-11,22.71,32.09,14.1,0.0,26.15,45.15,0.02,0.08
2024-06-12,22.39,32.01,12.91,0.0,26.72,42.98,0.02,0.0
2024-06-13,23.03,31.51,14.1,0.0,26.59,46.61,0.01,0.0
2024-06-14,23.37,31.39,16.12,0.0,21.99,49.89,0.02,0.0
2024-06-15,22.75,31.44,14.68,0.0,25.23,46.84,0.02,5.43
2024-06-16,22.21,31.92,12.76,0.19,28.95,42.31,0.01,0.0
2024-06-17,22.27,32.26,12.53,0.17,28.91,42.92,0.01,0.0
2024-06-18,22.63,32.08,14.99,9.02,26.85,52.74,0.01,0.0
2024-06-19,21.71,30.23,15.07,19.14,25.42,59.57,0.08,0.0
2024-06-20,18.69,22.56,16.26,21.8,10.81,78.79,0.06,10.41
2024-06-21,19.11,26.57,13.57,2.49,16.4,65.45,0.31,9.99
2024-06-22,17.53,23.27,11.45,1.67,16.67,71.05,0.22,4.99
2024-06-23,18.76,23.71,14.63,6.22,15.11,74.48,0.17,0.0
2024-06-24,17.46,22.58,13.64,44.79,9.28,80.85,0.15,9.99
2024-06-25,17.82,21.94,14.94,18.14,9.59,81.06,0.37,9.99
2024-06-26,20.11,27.28,14.48,0.9,13.44,66.72,1.25,11.66
2024-06-27,19.63,26.66,13.7,0.0,18.17,70.63,0.95,5.3
2024-06-28,18.82,24.32,15.04,0.0,16.59,73.95,0.74,15.89
2024-06-29,18.37,25.28,13.77,20.07,17.16,71.83,0.6,0.0
2024-06-30,19.09,26.47,13.87,4.62,19.85,74.11,1.14,10.6
2024-07-01,17.73,22.34,14.49,0.0,8.18,81.24,0.61,0.0
2024-07-02,19.11,26.13,14.25,7.01,16.16,74.12,0.98,0.0
2024-07-03,18.87,24.92,14.53,9.64,19.37,75.48,0.96,14.74
2024-07-04,18.98,24.93,14.71,7.77,22.06,77.64,0.89,0.0
2024-07-05,20.04,27.75,13.93,3.07,24.74,69.45,1.55,29.47
2024-07-06,20.18,28.87,12.06,0.81,22.15,64.44,1.89,0.0
2024-07-07,21.68,29.23,14.27,0.32,24.68,63.01,1.83,0.0
2024-07-08,20.93,28.3,15.66,4.46,20.57,67.97,1.4,0.0
2024-07-09,19.36,27.09,14.13,5.77,19.16,73.17,1.19,0.0
2024-07-10,18.17,26.52,11.66,8.31,11.98,70.87,1.41,14.58
2024-07-11,16.52,21.15,11.86,15.57,11.56,84.76,0.48,0.0
2024-07-12,17.88,23.07,14.22,16.58,19.19,81.01,0.84,0.0
2024-07-13,19.29,26.67,13.43,12.34,19.95,69.53,2.12,21.07
2024-07-14,19.51,26.38,14.75,13.94,21.58,72.32,1.87,7.02
2024-07-15,18.95,24.17,14.87,5.87,21.43,75.22,1.45,7.02
2024-07-16,18.95,24.31,15.15,3.31,20.99,75.28,1.39,0.0
2024-07-17,18.17,23.36,14.78,11.25,20.35,80.53,1.16,18.17
2024-07-18,18.39,23.9,14.18,12.09,21.3,79.73,1.24,0.0
2024-07-19,18.73,24.62,13.97,7.47,15.95,76.47,1.58,0.0
2024-07-20,18.19,24.16,13.68,11.84,10.4,78.18,1.39,18.17
2024-07-21,17.42,22.84,13.96,6.07,19.97,81.73,0.9,11.92
2024-07-22,17.32,23.42,11.94,27.45,11.21,80.84,1.21,23.84
2024-07-23,17.82,22.62,14.7,13.79,20.18,83.79,0.88,0.0
2024-07-24,18.99,25.48,13.53,9.67,16.37,76.11,1.7,0.0
2024-07-25,18.25,22.33,14.94,10.06,16.86,79.89,0.97,11.92
2024-07-26,18.23,25.12,13.04,17.29,20.93,78.56,1.76,13.36
2024-07-27,18.68,25.24,13.51,2.93,24.2,75.94,2.01,13.36
2024-07-28,17.87,21.46,15.22,11.4,17.02,84.76,0.72,0.0
2024-07-29,19.97,27.15,15.06,4.82,22.46,74.55,2.13,26.72
2024-07-30,18.74,23.53,15.14,9.79,16.17,82.2,1.19,13.36
2024-07-31,19.15,25.2,15.35,6.7,17.93,77.65,1.74,0.0
2024-08-01,18.23,24.12,14.13,3.57,21.45,77.55,1.39,7.18
2024-08-02,17.82,24.15,13.68,11.21,18.27,77.81,1.62,14.37
2024-08-03,18.94,26.14,13.81,6.47,21.88,74.83,2.22,14.37
2024-08-04,19.0,26.49,13.51,1.83,24.43,73.14,2.45,7.18
2024-08-05,17.77,21.92,14.24,3.68,19.29,83.79,0.89,0.0
2024-08-06,18.14,23.44,14.94,7.92,18.87,84.29,1.04,11.88
2024-08-07,18.17,21.88,14.66,4.14,19.93,80.34,1.13,23.76
2024-08-08,19.83,26.33,14.22,0.52,23.35,73.07,2.12,0.0
2024-08-09,19.01,26.11,14.25,3.49,20.84,78.13,1.98,0.0
2024-08-10,18.94,26.08,13.95,2.88,17.89,75.54,2.3,0.0
2024-08-11,18.52,24.38,14.67,6.78,16.83,79.16,1.66,0.0
2024-08-12,18.0,25.14,12.24,7.51,15.66,81.08,1.89,0.0
2024-08-13,18.59,24.31,13.95,4.06,17.95,77.6,1.68,9.36
2024-08-14,17.98,22.18,14.64,10.05,18.75,83.94,0.96,9.36
2024-08-15,18.49,25.43,12.72,9.59,20.02,80.0,1.93,28.08
2024-08-16,17.49,21.76,14.39,12.37,17.75,85.62,0.95,20.29
2024-08-17,16.47,20.79,12.93,13.1,15.81,85.05,0.9,5.07
2024-08-18,17.02,21.5,14.02,8.01,21.28,84.75,1.12,5.07
2024-08-19,17.8,23.39,14.25,2.95,17.86,82.04,1.3,10.15
2024-08-20,18.54,26.27,13.26,0.89,22.93,74.82,2.55,0.0
2024-08-21,17.87,25.2,11.85,1.39,22.63,76.87,2.31,2.51
2024-08-22,18.72,25.89,13.61,1.43,20.75,74.25,2.59,2.54
2024-08-23,16.94,22.23,12.89,7.65,15.22,84.89,0.99,5.62
2024-08-24,18.01,23.01,13.91,5.74,20.38,81.62,1.13,9.03
2024-08-25,17.96,24.61,12.63,3.08,21.25,78.42,1.75,3.47
2024-08-26,18.48,25.9,11.77,0.26,24.07,74.47,2.4,0.7
2024-08-27,18.57,25.62,12.91,2.25,19.69,76.09,2.25,1.29
2024-08-28,17.81,23.17,12.78,8.08,17.48,81.41,1.48,3.04
2024-08-29,18.72,25.52,13.67,12.74,19.6,78.25,1.94,7.38
2024-08-30,18.67,23.98,14.85,8.01,18.66,83.11,1.38,10.38
2024-08-31,19.14,25.3,14.36,7.27,20.61,77.74,2.01,11.05
2024-09-01,18.64,25.8,13.21,7.13,18.33,78.97,2.17,4.5
2024-09-02,18.14,22.34,15.05,6.03,16.04,83.25,1.16,9.0
2024-09-03,17.74,21.05,15.16,40.42,17.91,88.89,0.57,4.5
2024-09-04,18.96,24.98,14.6,75.81,20.82,82.5,1.49,9.0
2024-09-05,19.03,25.41,14.37,4.66,17.43,80.92,1.89,0.0
2024-09-06,18.6,25.48,13.91,3.17,15.66,80.68,1.89,0.0
2024-09-07,17.1,23.24,13.42,0.95,17.67,81.56,1.52,2.41
2024-09-08,16.76,23.97,12.2,0.03,17.53,77.09,2.04,0.0
2024-09-09,16.49,21.73,10.57,1.27,15.48,80.17,1.33,0.0
2024-09-10,18.1,23.55,13.97,9.44,15.41,84.32,1.28,2.41
2024-09-11,18.65,23.99,15.49,10.58,16.58,85.01,1.39,7.24
2024-09-12,18.2,23.93,14.24,0.86,18.86,82.64,1.77,5.89
2024-09-13,18.95,24.95,14.55,5.54,17.16,83.55,1.43,8.69
2024-09-14,18.43,22.12,16.0,16.32,16.84,88.26,0.67,7.68
2024-09-15,18.42,22.39,15.5,12.51,16.51,85.92,0.83,9.76
2024-09-16,18.69,22.57,15.28,5.66,13.84,82.72,1.0,14.95
2024-09-17,18.43,22.78,15.15,10.04,18.32,85.53,0.91,9.96
2024-09-18,18.23,21.5,15.84,7.28,18.52,88.7,0.69,4.98
2024-09-19,18.98,23.94,16.08,4.46,18.94,85.55,1.05,0.0
2024-09-20,19.34,24.57,15.67,1.89,20.52,81.18,1.56,0.0
2024-09-21,19.37,26.83,13.16,0.92,21.16,74.97,2.76,0.0
2024-09-22,18.9,25.62,13.55,0.92,19.94,76.93,2.29,0.0
2024-09-23,17.92,24.32,13.39,7.15,20.02,81.57,1.63,0.0
2024-09-24,17.61,23.31,14.03,6.62,11.09,83.78,1.18,5.51
2024-09-25,17.45,24.37,13.06,2.59,15.49,78.76,1.78,0.0
2024-09-26,15.41,19.28,12.6,9.18,7.96,87.07,0.64,6.78
2024-09-27,15.34,18.95,12.27,5.91,9.59,87.41,0.64,0.0
2024-09-28,17.31,23.53,11.79,4.53,18.99,80.71,1.72,0.0
2024-09-29,15.94,22.09,10.3,2.73,11.24,83.71,1.16,13.56
2024-09-30,15.31,22.91,8.41,1.39,14.66,78.63,1.57,0.0
2024-10-01,15.55,22.81,10.17,0.12,16.31,79.2,1.78,7.71
2024-10-02,15.37,22.38,10.41,0.07,19.22,76.4,1.83,0.0
2024-10-03,15.85,24.23,7.61,0.02,21.9,73.83,2.11,0.0
2024-10-04,17.13,24.25,11.43,0.16,17.16,77.57,1.93,0.0
2024-10-05,17.16,24.57,11.14,1.61,13.36,77.36,1.91,0.0
2024-10-06,16.73,20.85,13.6,6.3,12.47,86.81,0.68,0.0
2024-10-07,16.65,22.63,12.19,3.88,10.98,83.45,1.22,0.0
2024-10-08,16.57,21.82,13.07,4.05,15.46,83.04,1.08,0.0
2024-10-09,16.14,23.61,10.07,0.68,17.26,72.68,1.86,0.0
2024-10-10,14.14,22.75,8.52,0.0,24.06,63.19,2.23,0.0
2024-10-11,13.0,22.16,6.89,0.04,24.44,68.7,2.09,0.0
2024-10-12,12.93,22.08,5.01,0.0,24.24,71.09,1.95,0.0
2024-10-13,15.26,23.77,6.83,0.14,21.58,71.92,2.12,0.0
2024-10-14,17.1,25.27,9.74,0.07,17.96,70.29,2.34,0.0
2024-10-15,17.21,23.68,10.93,0.12,18.24,67.93,1.9,0.0
2024-10-16,17.21,25.51,10.58,0.07,19.73,65.4,2.4,0.0
2024-10-17,15.63,23.66,9.52,0.1,21.09,74.42,1.94,0.0
2024-10-18,16.99,25.19,9.56,0.0,20.83,71.54,2.54,0.0
2024-10-19,15.44,22.59,10.47,0.01,19.5,76.49,1.61,0.0
2024-10-20,14.44,20.85,9.11,0.15,20.19,81.79,0.99,0.0
2024-10-21,16.4,22.72,12.65,1.14,9.77,82.66,1.14,0.0
2024-10-22,16.59,24.77,11.26,0.59,17.52,77.26,1.73,4.27
2024-10-23,15.2,24.51,9.03,0.05,20.75,69.83,2.08,0.0
2024-10-24,14.53,24.2,6.78,0.0,21.19,65.69,2.16,0.0
2024-10-25,14.38,23.95,7.9,0.0,22.33,65.95,1.98,0.0
2024-10-26,14.51,22.83,8.46,0.0,21.24,75.44,1.65,0.0
2024-10-27,14.34,22.13,9.16,0.02,21.5,75.0,1.51,0.0
2024-10-28,15.17,22.77,8.81,1.0,20.27,75.58,1.27,0.0
2024-10-29,16.23,23.21,11.49,1.57,17.99,76.37,1.21,4.0
2024-10-30,17.78,24.67,11.36,0.55,19.05,71.37,1.63,0.0
2024-10-31,18.04,24.83,12.69,0.09,19.56,68.72,1.56,0.0
2024-11-01,17.8,24.87,12.01,1.5,16.56,73.11,1.91,0.0
2024-11-02,16.68,21.18,12.96,1.81,13.61,79.34,1.04,0.0
2024-11-03,16.44,22.13,12.41,0.21,15.09,81.38,0.94,0.0
2024-11-04,16.78,23.63,12.03,0.72,18.32,81.26,1.26,0.0
2024-11-05,17.58,24.96,12.28,0.32,20.11,72.86,1.88,0.0
2024-11-06,18.01,25.56,11.77,0.02,20.25,68.45,1.84,0.0
2024-11-07,18.65,26.01,12.09,0.0,17.97,68.48,1.59,0.0
2024-11-08,19.12,25.84,13.09,0.0,19.31,69.3,1.61,0.0
2024-11-09,18.32,26.44,12.42,0.0,19.22,68.63,1.79,0.0
2024-11-10,16.43,25.8,9.95,0.0,19.98,67.4,1.78,0.0
2024-11-11,15.81,25.61,8.11,0.0,20.79,62.07,1.83,0.0
2024-11-12,16.2,24.93,8.46,0.0,18.71,66.58,1.83,0.0
2024-11-13,16.47,24.62,11.05,0.0,18.41,73.15,1.45,0.0
2024-11-14,13.99,21.56,8.94,0.0,20.52,75.63,1.3,0.0
2024-11-15,15.04,24.33,7.54,0.0,20.32,69.8,1.69,0.0
2024-11-16,16.51,25.12,10.11,0.0,18.82,72.97,1.64,0.0
2024-11-17,16.59,24.14,12.1,0.0,18.58,79.25,1.33,0.0
2024-11-18,15.92,23.1,10.25,0.0,17.37,81.05,1.01,0.0
2024-11-19,16.88,23.37,11.63,0.02,17.02,81.97,1.05,0.0
2024-11-20,15.64,22.35,10.1,2.17,15.08,79.4,0.85,0.0
2024-11-21,14.12,23.29,8.33,0.21,17.36,73.04,1.29,12.08
2024-11-22,12.16,21.62,5.46,0.0,20.36,64.72,1.43,0.0
2024-11-23,12.57,22.52,3.63,0.0,20.03,43.62,1.49,0.0
2024-11-24,14.48,22.73,8.67,0.0,19.67,43.32,1.45,0.0
2024-11-25,13.49,24.21,6.35,0.0,20.03,48.76,1.47,0.0
2024-11-26,11.58,22.91,2.68,0.0,20.82,53.15,1.38,0.0
2024-11-27,15.29,26.45,5.35,0.0,20.37,43.76,1.7,0.0
2024-11-28,15.52,26.91,7.28,0.0,19.98,49.97,1.67,0.0
2024-11-29,14.36,25.07,6.06,0.0,19.14,69.73,1.37,0.0
2024-11-30,14.95,25.01,7.59,0.0,18.72,65.69,1.46,0.0
2024-12-01,13.8,24.79,5.72,0.0,19.48,63.78,1.49,0.0
2024-12-02,13.87,23.89,5.86,0.0,19.44,65.64,1.41,0.0
2024-12-03,13.3,22.2,6.19,0.0,19.64,71.5,1.18,0.0
2024-12-04,14.88,22.79,7.86,0.0,17.67,65.34,1.08,0.0
2024-12-05,15.72,24.6,8.7,0.0,16.56,63.19,1.34,0.0
2024-12-06,15.26,23.6,8.96,0.04,15.52,73.84,1.03,0.0
2024-12-07,15.41,23.17,9.17,0.0,16.93,69.89,0.97,0.0
2024-12-08,15.26,21.73,9.23,0.0,18.64,62.86,0.8,0.0
2024-12-09,16.07,23.87,9.49,0.0,17.82,64.8,1.16,0.0
2024-12-10,16.69,24.96,10.29,0.04,18.99,60.11,1.2,0.0
2024-12-11,13.59,21.94,7.41,0.1,18.09,65.77,0.99,0.0
2024-12-12,14.93,24.17,6.7,0.0,18.01,59.48,1.04,0.0
2024-12-13,15.76,24.63,9.74,0.0,17.75,53.5,1.18,0.0
2024-12-14,15.21,25.47,8.1,0.0,18.48,59.49,1.24,0.0
2024-12-15,13.45,23.75,6.09,0.0,18.02,64.49,1.07,0.0
2024-12-16,13.47,22.93,6.92,0.0,17.63,59.99,0.97,0.0
2024-12-17,11.52,20.54,6.01,0.0,16.84,62.47,0.83,0.0
2024-12-18,12.29,21.52,4.43,0.02,17.08,71.88,0.87,0.0
2024-12-19,12.57,17.33,9.12,0.02,13.22,80.89,0.41,0.0
2024-12-20,11.86,18.29,7.71,0.77,14.58,78.29,0.44,0.0
2024-12-21,13.06,20.99,7.3,0.67,15.69,73.32,0.79,0.0
2024-12-22,13.16,18.91,8.67,4.43,12.8,78.17,0.45,0.0
2024-12-23,11.79,16.37,8.85,1.04,11.78,84.21,0.2,0.0
2024-12-24,12.85,18.48,8.8,0.22,15.94,74.1,0.53,0.0
2024-12-25,12.08,18.45,7.58,0.12,16.97,73.25,0.56,0.0
2024-12-26,12.16,20.69,6.58,0.01,19.7,60.87,0.86,0.0
2024-12-27,12.91,22.64,5.74,0.0,19.97,49.94,0.99,0.0
2024-12-28,13.87,22.39,6.53,0.0,20.21,37.9,1.13,0.0
2024-12-29,13.7,23.82,4.6,0.0,20.21,39.43,1.05,0.0
2024-12-30,14.44,22.95,7.01,0.0,19.74,39.82,0.9,0.0
2024-12-31,14.1,23.28,6.94,0.0,18.89,39.87,0.93,
